id,title,description
15622215958853,Impermeabile per cani cambia colore con l'acqua Clouds Croci,"<p><strong>Impermeabile cane cambia colore - Clouds </strong>è una simpatica giacca per cani realizzata in tessuto impermeabile di alta qualità. Impermeabile per cani con stampe di nuvolette che cambiano colore una volta entrate in contatto con l’acqua.</p>
<p>Caratteristiche principali del capo d'abbigliamento per cani:</p>
<div class=""prose"">
<ul>
<li>Impermeabile per cane <strong>con stampa di nuvolette che cambiano colore una volta entrate in contatto con l’acqua</strong>, che rende questo prodotto non solo funzionale, ma anche simpatico e alla moda</li>
<li>
<strong>prodotto richiudibile e tascabile</strong>: dotato di una tasca rimovibile sulla schiena, che ti permette di riporre comodamente al suo interno l’impermeabile</li>
<li>Tessuto morbido e impermeabile rivestito in <strong>mesh traspirante</strong>
</li>
<li><strong>Chiusura regolabile con bottoni a clip</strong></li>
<li><strong>Elastici sulla pancia e sulle zampe posteriori</strong></li>
<li>Vestibilità perfetta</li>
<li>Dimensioni disponibili riferita alla misura del dorso (base del collo - attaccatura della coda): 15 CM, 20 CM, 25 CM, 30 CM, 35 CM, 40 CM, 45 CM, 50 CM, 55 CM, 60 CM.</li>
</ul>
</div>
<p><strong>Proteggi il tuo pet dalla pioggia con l’impermeabile cane e fallo con grande stile, grazie a Croci!</strong></p>
<p>Questa giacca è perfetta per mantenere il tuo cane asciutto durante le giornate di pioggia. La fodera in mesh traspirante garantisce al tuo cane una ventilazione ottimale.</p>
<p>Questa giacca per cani è disponibile in diverse dimensioni, adatta a cani di tutte le taglie e gusti. <strong>Regala al tuo pet un’esperienza confortevole e super trendy</strong>.</p>
<p><strong>Come funziona il cambio di colore della fantasia? </strong>La fantasia di base e che ti arriverà comodamente a casa tua una volta acquistato il prodotto, è quella con il sole che fa capolino dalle nuvolette. Una volta entrata a contatto con l'acqua, la fantasia man mano passerà a quella con le nuvolette grigie e i lampi. (Vedi foto esplicativa di passaggio da una fantasia all'altra, in gallery)</p>
<p><strong>Non sbagliare taglia! Ecco come scegliere quella più corretta:</strong></p>
<p>Per scegliere la taglia ideale e non sbagliare la misura dell'impermeabile per cane, ti consigliamo di misurare con un metro da sarta il dorso del tuo pet seguendo questo semplice step:</p>
<p>La misurazione del dorso del cane: si effettua passando il metro dalla fine del collo alla coda del cane, prendendo come riferimento il punto che si trova subito dietro le zampe anteriori.<br>Durante la misurazione ricordati di lasciare due dita di margine per garantire una migliore vestibilità.</p>
<p>Una volta effettuata la misurazione è necessario confrontarla con le misurazioni proposte nei modelli. (Per ulteriori info, consulta la tabella di misurazione presente in gallery fotografica)</p>
<p> </p>
<p> </p>
<p> </p>
<p> </p>"
15622214517061,Impermeabile Favola Pied de Poule Ferribiella,"<p><strong>Impermeabile Favola Pied de Poule Ferribiella </strong>è perfetto per proteggere il tuo amico a quattro zampe. Leggero e funzionale, offre un velo di materiale morbido e impermeabile che copre l'interno in tessuto fresco, creando un piacevole effetto di trasparenza. Il pack tascabile a bustina e i dettagli finemente rifiniti rendono questo impermeabile pratico e alla moda.</p>
<p>Caratteristiche principali dell' <strong>Impermeabile Favola Pied de Poule Ferribiella:</strong></p>
<div class=""prose"">
<ul>
<li>
<strong>impermeabile leggero e funzionale</strong> per proteggere il tuo amico a quattro zampe;</li>
<li>chiusura in velcro salva-pelo;</li>
<li>regolazioni con elastico;</li>
<li>asola per pettorina con aletta di copertura;</li>
<li>materiale esterno: 100% PU;</li>
<li>materiale interno: 100% Poliestere;</li>
<li>disponibile in diverse misure.</li>
</ul>
</div>
<p>Come misurare il cane:</p>
<div class=""prose"">
<ol>
<li>
<strong> MISURARE LA SCHIENA</strong>: prendi un metro da sarta, misura la lunghezza della schiena , partendo dalla base del collo , dove cade il collare , fino all'attaccatura della coda.</li>
<li>
<strong>MISURARE IL TORACE</strong>: prendi un metro da sarta, misura la circonferenza del torace appena dietro le zampe anteriori , il metro dovra' essere aderente, aggiungere 1 Cm per una calzata comoda e corretta.</li>
<li>
<strong> MISURARE IL COLLO</strong>: prendi un metro da sarta, misura la circonferenza alla base , dove cade il collare , il metro dovra' essere aderente, aggiungere 1 Cm per una calzata comoda e corretta.</li>
</ol>
</div>"
15622249611589,Impermeabile tascabile Red Dogs Croci,"<p>L' <strong>Impermeabile tascabile Red Dogs Croci</strong> è l'accessorio con taschino richiudibile su se stesso e pronto all'uso, grazie alla comoda busta incorporata, di cui non sapevi di avere bisogno! Perfetto in qualsiasi stagione, per riparare il vostro cane dalla pioggia. </p>
<p></p><h3>Caratteristiche principali dell'impermeabile con taschino per cani Croci:</h3>
<div class=""prose"">
<ul>
<li>con foro per il passaggio del moschettone del guinzaglio</li>
<li>sottopancia elastico per una maggiore vestibilità e aderenza</li>
<li>regolazione con doppia fila di bottoni a clip</li>
<li>elastico con zampe </li>
<li><strong>comoda busta porta-impermeabile inclusa, per richiudere su se stesso il prodotto</strong></li>
<li>made in Italy</li>
<li>giubbotto per cani waterproof</li>
</ul>
</div>
<p></p><h3>Scegli la giusta misura in base alla taglia del tuo amico a quattro zampe</h3>
<p>Per facilitarti nella scelta della taglia adatta per il tuo cane, abbiamo inserito tra le immagini la tabella che riporta le misure di riferimento per ogni misura. (vedi tabella in gallery)</p>
<p>Come prendere nella maniera corretta le misure del tuo amico a quattro zampe? Te lo spieghiamo in <strong><a href=""https://www.youtube.com/watch?v=zdmPZJPkk2s"">questo video</a></strong></p>
<p><u>La pioggia improvvisa, non sarà più un problema:</u> porta sempre con te il pratico capo d'abbigliamento per cani e utilizzalo quando se ne presenta la situazione. Poco ingombrante, facile da indossare.</p>"
15622255214917,Piumino per cani Cristallo Ferribiella,"<p>Il <strong>Piumino Cristallo Ferribiella</strong> è il capo d'abbigliamento ideale per il tuo amico a quattro zampe per proteggersi dal freddo invernale, senza rinunciare allo stile <strong>made in Italy </strong>del brand. Disponibile in diverse taglie e in diversi colori dalle tonalità tenute e dal materiale lucido.</p>
<h3><strong>Caratteristiche principali dell'impermeabile per cani Ferribiella:</strong></h3>
<div class=""prose"">
<ul>
<li>disponibile nelle <strong>colorazioni: blu - beige - rosa</strong>
</li>
<li>con asola per collare</li>
<li>con asola per pettorina</li>
<li>dotato di chiusura sottopancia con bottoni a pressione</li>
<li>regolazione sulla parte posteriore</li>
<li>composizione esterno: 50% pelle sintetica, 50% poliestere</li>
<li>composizione interno: 100% poliestere</li>
<li>imbottitura: 100% poliestere</li>
<li><strong>disponibile in diverse taglie *</strong></li>
</ul>
</div>
<p><strong>*</strong> Per scegliere la taglia giusta per il tuo cane, misurare con un centimetro, il suo dorso partendo  dal collo sino alla base della coda. Nella fase di misurazione, assicurarsi che il cane sia correttamente in piedi e ben eretto sulle zampe. <span style=""text-decoration: underline;"">Esempio scelta taglia: </span>la schiena del mio cane misura 35 cm e il cappottino che desidero acquistare viene confezionato nelle misure 34 cm e 38 cm: dovrò ordinare la taglia 38 affinché il cappotto calzi correttamente al mio cane perché la 34 risulterebbe piccola. </p>"
15622256263493,Impermeabile Go Mimetic Croci Hiking,"<p><strong>Impermeabile Go Mimetic Croci Hiking</strong> è una giacca impermeabile e traspirante concepita per offrire la massima protezione dalla pioggia. Richiudibile su se stesso, diventa una pratica e tascabile busta appendibile.</p>
<p>Caratteristiche principali:</p>
<ul>
<li>il tessuto superficiale è silenzioso e <strong>si adatta al movimento del cane</strong>
</li>
<li>adatta anche a cani di grandi dimensioni che non amano indossare capi d'abbigliamento</li>
<li>dotata di cappuccio e finiture riflettenti</li>
<li>
<strong>facilmente regolabile</strong> grazie agli elastici su vita, zampe e collo</li>
<li>fodera in mesh traspirante</li>
<li>cerniera impermeabile sulla schiena che permette quindi alla pancia di rimanere completamente riparata dall'acqua</li>
<li>dotato di fibbia sul dorso che facilita la vestizione</li>
<li>disponibile nelle<strong> dimensioni: 45 cm - 50 cm - 55 cm - 60 cm - 65 cm - 70 cm - 80 cm</strong> (misura la lunghezza del dorso del tuo cane per scegliere la corrispettiva taglia corretta)</li>
<li>fantasia: mimetica militare</li>
<li>richiudeibile su se stesso e facilmente trasportabile</li>
</ul>
<p><span style=""text-decoration: underline;"">Tieni il tuo cane al caldo, senza rinunciare allo stile.. con Croci Hiking !</span></p>"
15622256230725,Tuta Impermeabile Hymalaya Croci Hiking,"<p><strong>Tuta Impermeabile Hymalaya Croci Hiking</strong> è una giacca/tuta impermeabile e antivento, grazie alla speciale fodera che modera la dispersione termica e regola la temperatura corporea dell’animale, è ideale anche nelle giornate più fresche.</p>
<p>Caratteristiche principali:</p>
<ul>
<li>
<strong>dotata di regolazione</strong> sulla vita e alle zampe, adattandosi così alle varie lunghezze</li>
<li>foro passante sulla schiena adatto per il passaggio del guinzaglio connesso sia a collari che a pettorine</li>
<li>particolarmente gradita anche dai cani di grandi dimensioni che non amano vestirsi perchè confortevole e silenzioso quando indossata</li>
<li>dotata di cerniera impermeabile sulla schiena</li>
<li>il tessuto superficiale è robusto, silenzioso e <strong>si adatta al movimento del cane</strong>
</li>
<li>i dettagli riflettenti aumentano la visibilità del cane anche in condizioni di scarsa illuminazione</li>
<li>disponibile nelle <strong>dimensioni: 25 cm - 30 cm - 35 cm - 45 cm - 50 cm - 55 cm -60 cm - 65 cm</strong> (misura la lunghezza del dorso con un metro, per scegliere la taglia più consona)</li>
</ul>
<p>Consigliato l’utilizzo con temperature superiori uguali a 5 °c, o con temperature più fredde nel caso in cui il cane non necessiti di essere protetto dal freddo ma solo dalla pioggia e dal vento. <span style=""text-decoration: underline;"">Per un inverno più caldo, senza rinunciare allo stile, scegli Croci Hiking !</span></p>"
15622256460101,Impermeabile Annapurna Croci Hiking,"<p><strong>Impermeabile Annapurna Croci Hiking</strong> per animali è una giacca/cappotto impermeabile che, grazie alla speciale fodera che modera la dispersione del calore corporeo e all’imbottitura, garantisce una tenuta termica anche nelle giornate più fredde.</p>
<p>Caratteristiche principali:</p>
<ul>
<li>tessuto interno imbottito, con federa</li>
<li>tessuto esterno<strong> impermeabile e anti-vento </strong>
</li>
<li>particolarmente indicato nelle giornate piovose</li>
<li>con cerniera impermeabile sulla schiena, per proteggere il cane anche nella parte della chiusura e previene l'ingresso dell'acqua</li>
<li>con <strong>dettagli riflettenti</strong> per aumentare la visibilià del cane anche in condizioni di scarsa illuminazione</li>
<li>si adatta si adatta a diverse corporature grazie alla coulisse sulla vita, sulla coda e sul collo</li>
<li>elastici regolabili per zampe</li>
<li>foro passante sulla schiena adatto per il passaggio dle guinzaglio connesso sia a collari che pettorine</li>
<li>disponibile nelle <strong>misure: 45 cm - 50 cm - 55 cm - 60 cm - 65 cm</strong> (* misura il dorso del tuo cane con un metro, per scegliere la giusta taglia)</li>
</ul>
<p>Hiking Annapurna è  particolarmente gradito anche dai cani di grandi dimensioni che non amano vestirsi perchè è <strong>facile da indossare, confortevole e silenzioso quando indossato</strong>. In grado di proteggere il cane fino a temperature uguali o superiori a -20° c.</p>
<p>Non perderti il <strong><a href=""https://www.youtube.com/watch?v=4mxp739FAAc"">Video dedicato</a> </strong>all'abbigliamento tecnico outdoor Croci, per maggiori informazioni sul prodotto.</p>"
15622256165189,Impermeabile Nanga Croci Hiking,"<p><strong>Impermeabile Nanga Croci Hiking</strong> è una giacca/cappotto impermeabile e antivento, grazie alla speciale fodera che modera la dispersione termica e regola la temperatura corporea dell’animale è ideale anche nelle giornate più fresche.</p>
<p>Caratteristiche principali:</p>
<ul>
<li>tessuto superficiale robusto e che<strong> si adatta al movimento del cane</strong>
</li>
<li>con dettagli riflettenti che aumentano la visibilità del cane anche in condizioni di scarsa illuminazione</li>
<li>si adatta a diverse corporature grazie alla regolazione sulla vita e sul collo</li>
<li>elastici per zampe regolabili</li>
<li>foro passante sulla schiena adatto per il passaggio del guinzaglio connesso sia a collari che a pettorine</li>
<li>particolarmente gradito anche dai cani di grandi dimensioni che non amano vestirsi perchè è <strong>facile da indossare, confortevole e silenzioso quando indossato</strong>
</li>
<li>disponibile nel <strong>colore: nero con dettagli verdoni</strong>
</li>
<li>disponibile nelle <strong>misure: 50 cm - 55 cm - 60 cm - 65 cm - 70 cm - 80 cm</strong> (segui con il metro il dorso del tuo cane per scegliere la taglia più adatta)</li>
</ul>
<p>Consigliato l’utilizzo con temperature superiori uguali a 5 °c, o con temperature più fredde nel caso in cui il cane non necessiti di essere protetto dal freddo ma solo dalla pioggia e dal vento.</p>
<p><span style=""text-decoration: underline;"">Non rinunciare allo stile, oltre che ad un'ottima copertura, durante l'inverno... Scegli Croci Hiking!</span></p>"
15622256394565,Impermeabile Everest Croci Hiking,"<p><strong>Impermeabile Everest Croci Hiking</strong>  è una giacca impermeabile ideale anche nelle giornate più fredde grazie alla speciale fodera in termo-pile che favorisce l’isolamento termico, il comfort del capo e agevola la termoregolazione pur mantenendo la traspirabilità. Il trattamento Impermeabile del tessuto esterno <strong>protegge il cane dalla pioggia e dal vento</strong>.</p>
<p>Caratteristiche principali:</p>
<ul>
<li>disponibile nel colore: turchese</li>
<li>disponibile nelle <strong>misure: 50 cm - 55 cm - 60 cm - 65 cm</strong> (misura il dorso del tuo cane con un metro, per compiere la scelta giusta)</li>
<li>fodera interna in termo-pile</li>
<li>capo robusto, silenzioso e si adatta al movimento del cane</li>
<li>
<strong>con dettagli riflettenti</strong> per aumentare la visibilità del cane anche in condizioni più cupe</li>
<li>dotato di collare anti-goccia</li>
<li>con coulisse sulla vita, collo e coda, che rende l<strong>'impermeabile ben adattabile a diverse corporature</strong>
</li>
<li>fodera del collo realizzata in eco pelliccia, per un tocco glamour</li>
</ul>
<p>Non perderti il <strong><a href=""https://www.youtube.com/watch?v=4mxp739FAAc"">Video dedicato</a> </strong>all'abbigliamento tecnico outdoor Croci, per maggiori informazioni sul prodotto.</p>"
15622255378757,Piumino Caldoso Plus Ferribiella,"<p><strong>Piumino Caldoso Plus Ferribiella</strong> è uno dei capi della linea Abbigliamento e Accessori <span style=""text-decoration: underline;"">best seller del brand</span>. Morbido e dal semplice design, terrà al caldo il tuo amico a quattro zampe durante l'inverno e/o con la pioggia.</p>
<p>Caratteristiche principali:</p>
<div class=""prose"">
<ul>
<li>tessuto interno in <strong>morbida ciniglia </strong>
</li>
<li>asola per collare</li>
<li>scollo a V con chiusura in velcro</li>
<li>elastici staccabili per le zampe</li>
<li>sottopancia regolabile con velcro</li>
<li>composizione esterno: 100% Nylon</li>
<li>composizione interno: 96% poliestere, 4% spandex</li>
<li>imbottitura: 100% poliestere</li>
<li>disponibile nei <strong>colori: Blu- Verde - Bourdeux</strong>
</li>
<li>disponibile in diverse taglie <strong>*</strong>
</li>
</ul>
</div>
<p><strong>*</strong> Per la scelta della giusta taglia, misurare il dorso del cane con centimetro alla mano, dalla base del collo alla coda. </p>
<p><span style=""text-decoration: underline;"">Non farti trovare impreparato all'arrivo dell'inverno... scegli Ferribiella.</span></p>"
15622261932357,Impermeabile per cani con pochette Pocket Ferribiella,"<p>Il cappottino per cani <strong>Ferribiella Pocket </strong>è perfetto per proteggere il tuo fedele amico da pioggia e umidità. Pratico da portare sempre con te, grazie alla pochette in dotazione, all'interno del quale potrai facilmente riporre l'impermeabile per cani Ferribiella.</p>
<p>Per i fido più freddolosi, ma che non vogliono rinunciare allo stile nemmeno nelle giornate invernali più gelide, è essenziale una protezione scegliendo i cappottini per cani, i maglionici, i piumini per cani e gli impermeabili più alla moda!</p>
<p>Pratico da indossare, è un accessorio per cani che riesce a combinare <strong>numerosi vantaggi: </strong></p>
<div class=""prose"">
<ul>
<li>la <strong>fodera</strong> consente di mantenere Fido al caldo; </li>
<li>
<strong>impermeabile </strong>per riparare dalle intemperie;</li>
<li>con <strong>chiusura a velcro</strong> su dorso e collo per adattarsi meglio alle varie taglie;</li>
<li>disponibile nelle colorazioni: rosa, nero, rosso, verde</li>
</ul>
</div>
<p>Grazie agli <strong>appositi lacci</strong>, è possibile ancorarlo saldamente alle zampe posteriori e garantire in tal modo una perfetta <strong>vestibilità e aderenza al corpo del cane</strong>.</p>
<p>Il pratico foro alla base del collo consente l’aggancio del guinzaglio al collare.</p>
<p>Esterno: 100% Poliestere; Imbottitura: 100% Poliestere.</p>
<p>Lavabile a 30°.</p>
<p><strong>Ferribiella</strong> è un brand italiano completamente dedicato al <strong>Pet Comfort</strong>: propone una vastissima scelta di prodotti, realizzati con colori e materiali di prima scelta, per la massima soddisfazione dei principali bisogni fisici ed emotivi dei nostri animali domestici.</p>
<p><strong>Cerca la taglia più adatta al tuo fido, tra le varianti. Misurando in cm dal collo alla base della coda, seguendo il dorso.</strong></p>"
15622361317701,Impermeabile per cane tuta imbottita da escursionismo in pile Croci Hiking,"<p>L' <strong>Impermeabile per cane tuta imbottita in pile Croci Hiking</strong> è l'accessorio ideale durante l'escursionismo con il tuo amico a quattro zampe. Impermeabile per cani antivento, confortevole al tatto e regolabile, è ideale per proteggere il tuo Pet dal freddo, senza mai rinunciare allo stile. </p>
<p>Disponibile in blu l’impermeabile per cani è ideale per favorire l’isolamento termico grazie alla presenza in fodera interna in pile.</p>
<h3>Impermeabile cane antivento con fodera in pile e dettagli catarifrangenti.</h3>
<p>Caratteristiche principali:</p>
<div class=""prose"">
<ul>
<li>Mantella impermeabile cane</li>
<li>Imbottito e anti-vento</li>
<li>Capo realizzato con un tessuto silenzioso è stato studiato per adattarsi perfettamente ai movimenti dell’animale senza infastidirlo</li>
<li>L’impermeabile per cani è ideale per favorire l’isolamento termico grazie alla presenza in fodera interna in pileChiusura a coulisse sulle zampe</li>
<li>Disponibile in diverse misure, scegli la più indicata alla taglia del tuo cane</li>
<li>I dettagli catarifrangenti rendono il capo perfetto da utilizzare durante momenti di scarsa luminosità</li>
<li>Impermeabile cane con tenuta termica adatta al clima più rigido</li>
</ul>
</div>
<p>La linea Hiking è composta da abbigliamento tecnico per cani studiato per soddisfare tutte le esigenze dell’animale durante le gite fuori porta. I materiali scelti per l’impermeabile cane Hiking Padded Tracksuit offrono protezione durante le peggiori condizioni climatiche e il massimo comfort di vestibilità per far vivere al tuo pet ogni momento di condivisione e gioco all’aria aperta.</p>
<h3 class=""prose"">Giacca impermeabile cane con imbottitura</h3>
<p>Hiking Padded Tracksuit è realizzato all’esterno in neoprene e favorisce l’isolamento termico grazie alla presenza di una fodera interna in pile. Questo capo d’abbigliamento per cani è realizzato con lo scopo di garantire pieno comfort una volta indossato e grazie all’imbottitura garantisce una tenuta termica anche nelle giornate più fredde.</p>
<p>Il trattamento del tessuto esterno lo rende super impermeabile, resistente all’unto e anti-vento. I dettagli riflettenti aumentano le visibilità del cane anche in condizioni di scarsa illuminazione.</p>
<h3>Non sbagliare la taglia! Scopri come fare</h3>
<p>Il prodotto è disponibile in <u>numerose dimensioni:</u> 30-32 cm, 47-50 cm, 40 cm. 65-68 cm, inoltre è dotato di chiusure a coulisse sulle zampe.</p>
<p>Per facilitarti nella scelta della taglia più adatta per il tuo cane, non perderti il <a href=""https://www.youtube.com/watch?time_continue=1&amp;v=zdmPZJPkk2s&amp;feature=emb_logo""><strong>video spiegazione</strong></a> su come prendere in modo preciso le misure del tuo pet, in questo modo non potrai più sbagliare.</p>"
15622361448773,Cappotto per cani Greyhound Leather Croci,"<p>Il <strong>Cappotto per cani Greyhound Leather Croci</strong>, è il capo d'abbigliamento realizzato in finta pelle grigia trapuntata, oppure nella variante tinta unita, reso caldo e confortevole grazie alla presenza di una fodera interna in morbido velluto. </p>
<p>Impermeabile per cani ispirato alle tendenze del momento, per essere sempre alla moda, anche durante le passeggiate a quattro zampe. Prodotto in Italia. Greyhound è il modello di cappotti studiato appositamente per ottenere una perfetta vestibilità sulla corpo allungato e magro della razza di cane Levriero.</p>
<h3>Caratteristiche principali del cappottino per cane Croci:</h3>
<div class=""prose"">
<ul>
<li>fodera interna in velluto</li>
<li>finta pelle trapuntata, ad altezza del collo del cane e della coda</li>
<li>con elastici sulle anche inferiori, per una maggiore vestibilità </li>
<li>con foro per il passaggio della coda</li>
<li>vestibilità del capo d'abbigliamento per cani, pensato per levrieri</li>
<li>disponibile in diverse misure, scegli la più indicata alla taglia del tuo amico fido</li>
<li>regolabile con tessuto a strappi</li>
<li>Misure disponibili: 47 cm, 55 cm, 60 cm, 65 cm, 70 cm, 75 cm</li>
</ul>
</div>
<h3>Come scegliere la misura del cappottino per il tuo cane?</h3>
<p>Per scegliere la misura corretta della maglietta del cane, dell'impermeabile o del cappottino occorre rilevare, con un centimetro alla mano, la distanza dal garrese alla coda lungo la schiena del tuo cane, ovvero la distanza in centimetri dal collo alla coda del cane.</p>
<p>La misurazione va effettuata partendo dalla base del collo fino all'attaccatura della coda. Nella fase di misurazione, assicurarsi che il cane sia correttamente in piedi e ben eretto sulle zampe.</p>
<p>Sulla base della misura rilevata, selezionare la taglia di cappottino più corretta.</p>
<p><u>Esempio:</u> la schiena del mio cane misura 35 cm e il cappottino che desidero acquistare viene confezionato nelle misure 34 cm e 38 cm: dovrò ordinare la taglia 38 affinchè il cappotto calzi correttamente al mio cane perché la 34 risulterebbe piccola.</p>
<h3>Cappotti per Levrieri semplici da indossare e con un'ottima vestibilità</h3>
<p>La perfetta vestibilità di questi cappotti è garantita dalla presenza di elastici che fasciano perfettamente le pancia e le zampe del tuo pet senza irritarne la cute o il pelo.</p>
<p>Inoltre, la pratica chiusura in velcro e il foro per agganciare facilmente il guinzaglio e la pettorina rendono questi giubbotti cane uno dei migliori capi d’abbigliamento del mondo pet.</p>"
15622380388677,Impermeabile Rain Fucsia Ferribiella,"<p><strong>L'impermeabile per cani Ferribiella Rain</strong>, è l'accessorio ideale per le passeggiate con vento e pioggia leggera. Progettato ed elaborato per proteggere il tuo cane dai cambiamenti climatici.</p>
<p>Caratteristiche principali dell'impermeabile per cani:</p>
<div class=""prose"">
<ul>
<li>
<strong>Imbottitura interna removile</strong> in pile e cotone</li>
<li>Asola per collare</li>
<li>Pratica chiusura in velcro sul dorso</li>
<li><strong>Scollo a V con chiusura in velcro</strong></li>
<li>Elastici per far tendere l'impermeabile saldo sulle zampe</li>
<li>Composizione esterna:100% Pelle sintetica</li>
<li>Composizione interno: 100% Poliestere</li>
<li>Imbottitura removibile: 80% Cotone - 20% Poliestere</li>
</ul>
</div>
<p><strong>Acquista i migliori accessori e capi d'abbigliamento per il tuo animale domestico, sul nostro Pet Shop. Bauzaar.it è con te sempre!</strong></p>"
15622380585285,Impermeabile Pocket Tascabile Ferribiella,"<p>L'<strong>impermeabile Pocket Fuss In The Rain Nero Ferribiella </strong>è il pratico accessorio da portare sempre con te in borsa, per riparare il tuo cane dalle improvvise piogge. 100% poliestere, con chiusura a strappo removibile e vestibilità attorno al collo per mantenere il cane asciutto in caso di pioggia.</p>
<h3>Caratteristiche principali dell'impermeabile per cani tascabile Ferribiella:</h3>
<div class=""prose"">
<ul>
<li>impermeabile con chiusura a strappo modello Pocket per cani</li>
<li>disponibile nei<strong> colori nero - fucsia</strong>
</li>
<li>materiale: 100% poliestere</li>
<li>con chiusura rapida a strappo</li>
<li>elastici per le zampe inferiori</li>
<li>ideale per vento e pioggia leggera</li>
<li>accessorio anti pioggia e cullise nel collo per facilitare la regolazione</li>
<li>lavabile a 30°</li>
<li>presenta utile girocollo che si può regolare in modo che il cane si possa muovere liberamente senza sentire nessun tipo di fastidio o limitazione nei movimenti</li>
<li>con stampa sulla schiena</li>
<li>fornito con una pratica custodia pocket bag con maniglia per riporre l'impermeabile una volta utilizzato o per portarlo comodamente in giro</li>
<li>con applicazione sul fianco con simpatica targhetta a forma di osso che rappresenta il marchio Fuss-Dog, a ulteriore garanzia di autenticità e qualità del prodotto</li>
</ul>
</div>
<h3>Come utilizzare l'impermeabile Ferribiella:</h3>
<p>Srotolarlo in pochi secondi per farlo indossare al tuo cane, se si viene colti da una pioggia improvvisa. Passato il temporale si può rimettere nella sua pochette che sta in un angolo della borsetta, in macchina o nello scooter o in una tasca del proprio giubbotto. Questo impermeabile non è legato a una stagione particolare. Lo si può sfruttare tutto l’anno.</p>
<h3>Come scegliere la misura del cappottino per il tuo cane?</h3>
<p>La misura corrisponde alla lunghezza del torace del cane consigliamo di prendere un metro da sarta e porlo ad altezza collare fino all'inizio della coda del cane.</p>
<p>Per scegliere la misura corretta della maglietta del cane, dell’impermeabile o del cappottino occorre rilevare, con un centimetro alla mano, la distanza dal garrese alla coda lungo la schiena del tuo cane, ovvero la distanza in centimetri dal collo alla coda del cane.</p>
<p>La misurazione va effettuata partendo dalla base del collo fino all'attaccatura della coda. Nella fase di misurazione, assicurarsi che il cane sia correttamente in piedi e ben eretto sulle zampe.</p>
<p>Sulla base della misura rilevata, selezionare la taglia di impermeabile più corretta.</p>
<p>Esempio: la schiena del mio cane misura 35 cm e il cappottino che desidero acquistare viene confezionato nelle misure 34 cm e 38 cm: dovrò ordinare la taglia 38 affinché il cappotto calzi correttamente al mio cane perché la 34 risulterebbe piccola. </p>
<p><strong>Scopri tutte le taglie disponibili: </strong></p>
<div class=""prose"">
<ul>
<li>20 cm - 7,89 pollici</li>
<li>25 cm - 9,84 pollici</li>
<li>30 cm - 11,81 pollici</li>
<li>40 cm - 15,75 pollici</li>
<li>45 cm - 17,72 pollici</li>
<li>50 cm - 19,68 pollici</li>
<li>55 cm - 21,65 pollici</li>
<li>60 cm - 23,62 pollici</li>
<li>65 cm - 25,59 pollici</li>
<li>70 cm - 27,56 pollici</li>
</ul>
</div>
<p>Se sei qui, è perché sei a corto di idee nella ricerca del <strong>migliore regalo</strong> da fare al tuo quattro zampe o, perché no, per il tuo PetLover's Friend.</p>
<p>Tantissime, troppe, volte ci sarà capitato di girare tra negozi e siti online, alla ricerca dell'articolo ideale per rendere unico il compleanno di cane o gatto, o semplicemente per suggellare il nostro legame.</p>
<p>Nella sezione, abbiamo raccolto i prodotti per rendere i vostri eventi unici!</p>
<p>Ricordati di taggarci sui social: siamo su <strong>IG @bauzaar_it</strong> e <strong>FB: Bauzaar-it</strong> Crediamo sia giusto celebrare ogni occasione con il proprio animale, importante pezzo di cuore di ciascuno di noi.</p>"
15624547369285,Cappotto Impermeabile per cani Montreal Croci,"<p>Il <strong>Cappotto Impermeabile cane Montreal by Croci</strong>, è un capo perfetto per l’autunno e per le fredde giornate d’inverno. Montreal è la scelta perfetta se stai cercando un Cappotto per cane alla moda, perché il tuo cane sarà il più ammirato di tutto il parco.</p>
<h3>Caratteristiche principali dell'impermeabile per cani Croci:</h3>
<div class=""prose"">
<ul>
<li>modello dotato di elastici per le zampe posteriori per garantire la massima vestibilità del capo</li>
<li>la pratica chiusura sul collo e pancia in velcro regolabile, lo rende perfettamente adattabile alla corporatura dell’animale</li>
<li>presenta un foro sul dorso per agevolare il passaggio dell’aggancio per il guinzaglio o della pettorina</li>
<li>fodera interna in plie rimovibile</li>
<li>si adatta a cani di qualsiasi taglia: grande, media e piccola, scegli la più idonea alla taglia del tuo amico a quattro zampe</li>
</ul>
<h3>Come scegliere la misura del cappottino per il tuo cane?</h3>
<p>Per scegliere la misura corretta della maglietta del cane, dell'impermeabile o del cappottino occorre rilevare, con un centimetro alla mano, la distanza dal garrese alla coda lungo la schiena del tuo cane, ovvero la distanza in centimetri dal collo alla coda del cane. La misurazione va effettuata partendo dalla base del collo fino all' attaccatura della coda.</p>
</div>
<p><strong>Nella fase di misurazione, assicurarsi che il cane sia correttamente in piedi e ben eretto sulle zampe.</strong><br><br>Sulla base della misura rilevata, selezionare la taglia di cappottino più corretta.<br><br><strong>Esempio:</strong> la schiena del mio cane misura 35 cm e il cappottino che desidero acquistare viene confezionato nelle misure 34 cm e 38 cm: dovrò ordinare la taglia 38 affinchè il cappotto calzi correttamente al mio cane perché la 34 risulterebbe piccola.</p>
<p>Per indicazioni su <strong><a href=""https://www.youtube.com/watch?v=zdmPZJPkk2s"">come scegliere la corretta taglia</a> </strong>non perderti il Video dedicato.</p>
<p>I padroni di cani sanno bene che <strong>una bella passeggiata all’aperto rigenera il corpo e la mente</strong>, specialmente se in compagnia di un amico a quattro zampe: essere in due per vivere un momento speciale di condivisione e di gioco. Ad accompagnarvi nelle vostre avventure, ci sono i Cappottini per cani Montreal, capi dalla forte personalità nei quali anche il minimo dettaglio esprime l’essenza della collezione; stile, qualità dei materiali e vestibilità al limite del sartoriale. Tutte prerogative per una collezione che vuole rappresentare il nuovo standard dell’abbigliamento cinofilo di alta gamma.</p>"
15624547696965,Impermeabile Vancouver FBI Croci,"<p><strong>Impermeabile Vancouver FBI Croci</strong> è il capo d'abbigliamento per cani, ideale durante le piogge di mezza stagione. Pratico e leggero da usare ogni volta che uscite insieme per la passeggiata.</p>
<p>Caratteristiche principali:</p>
<div class=""prose"">
<ul>
<li>disponibile nei colori blu - rosso</li>
<li>dotato di una fodera trasparente in mesh</li>
<li>impermeabile facile da indossare </li>
<li>chiusura con bottoni a clip che permette di regolare il capo in base alla corporatura del tuo cane</li>
<li>disponibile in diverse taglie. Vedi tabella in gallery</li>
</ul>
</div>
<p><strong>Guida alla taglia giusta</strong>: Per facilitarti nella scelta della taglia adatta per il tuo cane, abbiamo inserito tra le immagini la tabella che riporta le misure di riferimento per ogni misura. Come prendere nella maniera corretta le misure del tuo amico a quattro zampe?</p>
<p>Non perderti il <strong><a href=""https://www.youtube.com/watch?v=zdmPZJPkk2s"">Video dedicato</a> </strong>per aiutarti a prendere le misure giuste del proprio cane.</p>"
15624547434821,Maglioncino Valencia Croci,"<p>Il <strong>Maglioncino Valencia per cani di Croci</strong> è un indumento rosa elegante e super morbido che tiene il tuo cane al caldo con stile. Il design a dolcevita e la maglia elasticizzata garantiscono comfort e libertà di movimento. Perfetto per le passeggiate nelle giornate fredde e per dare al tuo amico a quattro zampe un look chic e accogliente.</p>
<h2>Caratteristiche principali:</h2>
<div class=""prose"">
<ul>
<li>Maglioncino caldo in tessuto a maglia morbido ed elastico</li>
<li>Collo dolcevita per maggiore protezione dal freddo</li>
<li>Look elegante e colore rosa brillante</li>
<li>Perfetto per cani di diverse taglie grazie alla vestibilità flessibile</li>
<li>Facile da lavare: a mano o in lavatrice (30°)</li>
<li>Ideale in inverno e nelle mezze stagioni</li>
<li>Disponibile nelle misure: <strong>20 cm - 30 cm - 40 cm - 50 cm - 60 cm - 70 cm - 80 cm</strong>
</li>
</ul>
<p>Questo maglioncino per cani è pensato per chi vuole unire praticità e stile. Il tessuto caldo avvolge delicatamente il corpo, mantenendo la temperatura ideale nelle giornate più fredde. Il colore rosso aggiunge un tocco fashion che non passa inosservato durante le passeggiate.</p>
<p>La lavorazione in maglia elasticizzata garantisce una vestibilità comoda su cani di taglie diverse. La struttura morbida non limita i movimenti, così il tuo cane può correre, giocare e rilassarsi senza fastidi.</p>
</div>"
15624547533125,Maglioncino Siviglia Croci,"<p>Il <strong>Maglioncino Siviglia per cani di Croci</strong> è un indumento rosso elegante e super morbido che tiene il tuo cane al caldo con stile. Il design a dolcevita e la maglia elasticizzata garantiscono comfort e libertà di movimento. Perfetto per le passeggiate nelle giornate fredde e per dare al tuo amico a quattro zampe un look chic e accogliente.</p>
<h2>Caratteristiche principali:</h2>
<div class=""prose"">
<ul>
<li>Maglioncino caldo in tessuto a maglia morbido ed elastico</li>
<li>Collo dolcevita per maggiore protezione dal freddo</li>
<li>Look elegante e colore rosso brillante</li>
<li>Perfetto per cani di diverse taglie grazie alla vestibilità flessibile</li>
<li>Facile da lavare: a mano o in lavatrice (30°)</li>
<li>Ideale in inverno e nelle mezze stagioni</li>
<li>Disponibile nelle misure: <strong>20 cm - 30 cm - 40 cm - 50 cm - 60 cm - 70 cm - 80 cm</strong>
</li>
</ul>
</div>
<p>Questo maglioncino per cani è pensato per chi vuole unire praticità e stile. Il tessuto caldo avvolge delicatamente il corpo, mantenendo la temperatura ideale nelle giornate più fredde. Il colore rosso aggiunge un tocco fashion che non passa inosservato durante le passeggiate.</p>
<p>La lavorazione in maglia elasticizzata garantisce una vestibilità comoda su cani di taglie diverse. La struttura morbida non limita i movimenti, così il tuo cane può correre, giocare e rilassarsi senza fastidi.</p>
"
15624547598661,Scarpe per cani impermeabili e antiscivolo Croci,"<p>Scarpe per cani impermeabili in nylon con interno in pile caldo e suola antiscivolo. Chiusura con velcro per una calzata sicura e comoda.  Le scarpe per cani Croci, rappresentano un accessorio indispensabile per proteggere le zampe del tuo amico a quattro zampe in ogni stagione.</p>
<p><strong>Perché scegliere scarpe impermeabili per cani</strong></p>
<p>Realizzate con tessuto in nylon impermeabile e un interno in pile caldo e confortevole, queste scarpe per cani garantiscono una protezione efficace contro acqua, freddo e sporco.</p>
<h3>Protezione contro acqua e sporco</h3>
<p>Il nylon impermeabile impedisce all'acqua e all'umidità di penetrare, mantenendo le zampe asciutte anche durante le giornate più piovose o con la neve.</p>
<h3>Comfort e calore con interno in pile</h3>
<p>L'interno in pile offre un’ottima isolamento termico, tenendo calde le zampe del cane e assicurando comfort anche nelle giornate fredde.</p>
<h3>Caratteristiche principali delle scarpe per cani</h3>
<p>La chiusura con velcro garantisce una calzata sicura e personalizzabile, adattandosi facilmente a qualsiasi tipo di zampa.</p>
<h3>Tessuto in nylon impermeabile</h3>
<p>Materiale resistente e durevole che protegge efficacemente le zampe da acqua, fango e sporco.</p>
<h3>Chiusura con velcro regolabile</h3>
<p>Permette una regolazione semplice e veloce per evitare che la scarpa si stacchi durante la camminata.</p>
<h3>Suola antiscivolo per massima sicurezza</h3>
<p>La suola antiscivolo offre una maggiore aderenza su superfici bagnate o scivolose, assicurando stabilità e prevenendo cadute.</p>
<h3>Come indossarle correttamente</h3>
<p>Per garantire il massimo comfort, è importante scegliere la misura giusta e assicurare una chiusura salda ma non troppo stretta con il velcro.</p>
<h3>Consigli per la pulizia e la conservazione</h3>
<p>Le scarpe possono essere pulite con un panno umido e devono essere conservate in un luogo asciutto. Sono confezionate in una pratica bustina per facilitarne il trasporto e la conservazione.</p>
<p><strong>All'interno della confezione sono presenti 4 pezzi </strong></p>"
15624560050501,Nasonero Paraorecchie Nero per cani in tessuto tecnico,"<p>Il <strong>paraorecchie per cani Nasonero</strong> è progettato per offrire la massima protezione senza rinunciare alla comodità. L’elastico morbido garantisce una perfetta aderenza, mantenendo le orecchie asciutte e pulite anche durante le giornate più umide. È particolarmente utile per cani con orecchie lunghe, come Cocker, Cavalier King Charles, Setter e Spaniel.</p>
<h2>Caratteristiche principali</h2>
<div class=""prose"">
<ul>
<li>Realizzato in tessuto tecnico idrorepellente e resistente</li>
<li>Protegge le orecchie da umidità, vento, fango e sporco.</li>
<li>Fascia elastica su entrambi i lati per una tenuta stabile e confortevole.</li>
<li>Facile da lavare e riutilizzare, anche dopo molteplici utilizzi.</li>
<li>Disponibile nella misura: <strong>25x30 cm</strong>, adatta a cani di taglia media e grande</li>
<li>Colore: <strong>Nero</strong>, elegante e discreto</li>
</ul>
<p>Il materiale in tessuto tecnico <strong>idrorepellente </strong>assicura durata nel tempo e resistenza all’acqua, mantenendo il prodotto leggero e confortevole. È facile da lavare e si asciuga rapidamente, ideale per chi cerca una protezione orecchie cane pratica e igienica, adatta sia all’uso domestico che professionale (toelettatori, allevatori, centri cinofili).</p>
<p>Dal <strong>look sobrio e moderno</strong>, il paraorecchie nero Nasonero si abbina perfettamente a qualsiasi tipo di mantello o guinzaglio. Il suo design essenziale lo rende un accessorio discreto ma estremamente utile nella quotidianità.</p>
</div>"
15624562213189,Ferribiella Montone Poesia cappotto per cani,"<p>Il <strong>Cappotto per cani Montone Poesia Ferribiella </strong>avvolge il tuo cane in un morbido abbraccio di stile e comfort, ideale per le passeggiate nei mesi più freddi. Taglio sartoriale, materiali premium e dettagli ricercati per trasformare ogni uscita in passerella.</p>
<h2>Caratteristiche principali:</h2>
<div class=""prose"">
<ul>
<li>Design montone elegante con finiture effetto pelliccia</li>
<li>Tessuto caldo e morbido, ideale per l’inverno e mezza stagione</li>
<li>Massimo comfort grazie al taglio ergonomico</li>
<li>Perfetto per cani piccoli e medi con spirito fashion</li>
<li>Materiali resistenti e facili da pulire</li>
<li>Disponibile in diverse taglie: <strong>40 cm - 50 cm - 60 cm</strong>
</li>
</ul>
<p>Proteggi il tuo cane dal freddo senza rinunciare all’eleganza. Il Cappotto Montone Poesia combina un look raffinato con materiali soffici e avvolgenti, garantendo calore costante anche nelle giornate più frizzanti.</p>
<p>La struttura ergonomica consente totale libertà di movimento: niente ingombro, niente fastidi. Il tuo cane potrà correre, giocare o fare lunghe passeggiate mantenendo sempre una postura naturale e un comfort impeccabile Texture effetto lana, bordi peluche e tonalità calde regalano a questo capo un appeal glamour. Facile da lavare e resistente all’usura, si mantiene impeccabile nel tempo anche con uso quotidiano. Perfetto nelle giornate fredde di città, in viaggio o per un weekend in città.</p>
</div>"
15624562311493,Ferribiella Polarotto maglione in pile per cani,"<p>Il <strong>Maglioncino in Pile Polarotto Ferribiella</strong> offre calore, leggerezza e morbidezza assoluta, pensato per tenere il tuo cane al caldo nelle giornate più frizzanti senza appesantire i movimenti. Un capo essenziale, pratico e super confortevole, ideale per l’inverno e la mezza stagione.</p>
<h2>Caratteristiche principali:</h2>
<div class=""prose"">
<ul>
<li>Morbido pile termico per massimo calore e comfort</li>
<li>Tessuto leggero e traspirante, zero ingombro</li>
<li>Vestibilità ergonomica che facilita i movimenti</li>
<li>Facile da indossare grazie al taglio senza maniche</li>
<li>Ideale per passeggiate, vita in casa e giornate fresche</li>
<li>Disponibile in tre colorazioni: <strong> blu, rosa e verde</strong>
</li>
<li>Disponibile in diverse taglie: <strong>30 cm - 40 cm - 50 cm - 60 cm</strong>
</li>
</ul>
<p>La struttura in pile tecnico mantiene la temperatura corporea del cane costante, evitando dispersione di calore. Perfetto per i pet più freddolosi, per i cuccioli e per i cani anziani che hanno bisogno di una protezione in più nella stagione invernale.</p>
<p>Nessun fastidio, nessun limite ai giochi. Il design senza maniche e la vestibilità studiata garantiscono comfort assoluto e movimenti fluidi, anche durante la corsa e il gioco. Il tuo cane rimane caldo e protetto senza sentirsi “ingessato”.</p>
<p>Linee minimal, colori vivaci e materiali morbidi lo rendono perfetto sia per uscire sia per stare in casa nei giorni più freschi. Facile da lavare e asciugare, pronto a tornare in azione in poche ore.</p>
</div>"
15624562508101,Ferribiella Levante piumino per cani,"<p>Il <strong>Piumino Levante Ferribiella</strong> è pensato per i cani che vogliono affrontare l’inverno con stile impeccabile e massimo comfort. L’imbottitura effetto piuma trattiene il calore senza appesantire, mentre il tessuto esterno protegge da vento e freddo, rendendolo ideale per passeggiate urbane e giornate all’aperto nelle stagioni più rigide.</p>
<h2>Caratteristiche principali: </h2>
<div class='prose""'>
<ul>
<li>Imbottitura calda e ultraleggera effetto piuma</li>
<li>Esterno antivento per proteggere dalle basse temperature</li>
<li>Design trapuntato moderno e brillante</li>
<li>Collo alto per una protezione extra dal freddo</li>
<li>Chiusura pratica per una vestibilità sicura e veloce</li>
<li>Libertà totale nei movimenti</li>
<li>Disponibile in <strong>verde, rosa, rosso e blu</strong>
</li>
<li>Disponibile in diverse misure: 30 cm -<strong> 36 cm - 43 cm - 51 cm - 60 cm - 65 cm</strong>
</li>
</ul>
<p>Il Piumino Levante dona calore immediato grazie ai materiali tecnici e alla struttura isolante. Perfetto per cani che sentono di più il freddo, cuccioli e pet che vivono in zone ventilate o climaticamente rigide.</p>
<p>Studiato per adattarsi al corpo senza costringere: segue ogni movimento e resta stabile anche durante la corsa e il gioco. Grazie al taglio ergonomico si indossa in pochi secondi e resta sempre al suo posto.</p>
<p>Linee pulite, finitura lucida e quattro nuance alla moda che fanno risaltare ogni passeggiata. Che tu voglia un look elegante, vivace o sportivo, c’è un colore perfetto per il tuo cane.</p>
</div>"
15624562606405,Maglioncino Moscow Croci Hiking,"<p>Il <strong>Maglioncino Moscow per cani di Croci</strong> è un indumento grigio elegante e super morbido che tiene il tuo cane al caldo con stile. Il design a dolcevita e la maglia elasticizzata garantiscono comfort e libertà di movimento. Perfetto per le passeggiate nelle giornate fredde e per dare al tuo amico a quattro zampe un look chic e accogliente.</p>
<h2>Caratteristiche principali:</h2>
<div class=""prose"">
<ul>
<li>Maglioncino caldo in tessuto a maglia morbido ed elastico</li>
<li>Collo dolcevita per maggiore protezione dal freddo</li>
<li>Look elegante e colore grigio brillante</li>
<li>Perfetto per cani di diverse taglie grazie alla vestibilità flessibile</li>
<li>Facile da lavare: a mano o in lavatrice (30°)</li>
<li>Ideale in inverno e nelle mezze stagioni</li>
<li>Disponibile nelle misure: <strong>20 cm - 30 cm - 40 cm - 50 cm - 60 cm - 70 cm - 80 cm</strong>
</li>
</ul>
</div>
<p>Questo maglioncino per cani è pensato per chi vuole unire praticità e stile. Il tessuto caldo avvolge delicatamente il corpo, mantenendo la temperatura ideale nelle giornate più fredde. Il colore grigio aggiunge un tocco fashion che non passa inosservato durante le passeggiate.</p>
<p>La lavorazione in maglia elasticizzata garantisce una vestibilità comoda su cani di taglie diverse. La struttura morbida non limita i movimenti, così il tuo cane può correre, giocare e rilassarsi senza fastidi.</p>
"
15624562704709,Giubbotto imbottito Bois Croci,"<p>Il <strong>Giubbotto Imbottito per Cani Bois di Croci </strong>è l'ideale per i cani che vogliono affrontare l’inverno con stile e protezione totale. Il Giubbotto Bois è un capo imbottito dal look mimetico moderno, realizzato in tessuto impermeabile e rivestito internamente da una morbida fodera in velluto nero: un mix perfetto di calore, comfort e grinta urbana. Pensato per mantenere il tuo cane asciutto, caldo e protetto anche durante le giornate più fredde e umide.</p>
<h2>Caratteristiche principali: </h2>
<div class=""prose"">
<ul>
<li>Tessuto esterno impermeabile, ideale per pioggia e neve</li>
<li>Soffice imbottitura termica per massimo calore in inverno</li>
<li>Fodera in velluto nero ultra-morbida e confortevole</li>
<li>Chiusura in velcro e sottopancia elastico per vestibilità perfetta</li>
<li>Elastici posteriori per una stabilità ottimale in movimento</li>
<li>Fantasia mimetica trendy e sportiva</li>
<li>Disponibile in diverse misure per ogni taglia e razza: <strong>40 cm - 45 cm - 50 cm - 55 cm - 60 cm - 65 cm</strong>
</li>
</ul>
<p>Grazie all’imbottitura termica e alla fodera vellutata, il giubbotto offre un isolamento efficace contro il freddo, mantenendo sempre una piacevole sensazione di morbidezza sulla pelle. Perfetto per l’inverno, le passeggiate sotto la pioggia e le giornate ventose.</p>
<p>La chiusura in velcro, il sottopancia elastico e gli elastici posteriori assicurano una calzata stabile, confortevole e adattabile a diverse corporature. Indossarlo è semplice e veloce, anche con i cani più impazienti.</p>
<p>Il design mimetico dona un look sportivo e contemporaneo, perfetto per cani dinamici e padroni che amano distinguersi. Un capo tecnico che unisce estetica e funzionalità senza compromessi.</p>
<p> </p>
</div>"
15624562803013,Giubbotto in sherpa Alpaga Bobby Croci,"<p>Il <strong>Giubbotto in Sherpa Bobby Croci</strong> è pensato per rendere le passeggiate invernali più confortevoli, sia per il tuo cane che per te. Realizzato in sherpa spesso e soffice, avvolge il pet in un tepore piacevole, proteggendolo dal freddo senza appesantire. La zip dorsale semplifica al massimo l’indosso e le uscite veloci, mentre i dettagli funzionali lo rendono un vero must-have per l’inverno.</p>
<h2>Caratteristiche principali: </h2>
<div class=""prose"">
<ul>
<li>Sherpa caldo e soffice, ideale per l’inverno</li>
<li>Zip sul dorso per indosso rapido e semplice</li>
<li>Tasca funzionale per sacchetti igienici e GPS</li>
<li>Anelli integrati per agganciare il guinzaglio</li>
<li>Vestibilità comoda e avvolgente, senza vincoli nei movimenti</li>
<li>Design moderno con dettagli a contrasto</li>
<li>Disponibile in diverse taglie: <strong>Taglia 32 - Taglia 36 - Taglia 40 - Taglia 45</strong>
</li>
</ul>
<p><strong>La particolarità che lo distingue? </strong>Una tasca sul dorso con doppia funzione: spazio per sacchetti igienici e alloggiamento per GPS o accessori, così hai tutto a portata di mano durante la passeggiata. Inoltre, gli anelli integrati ti permettono di agganciare direttamente il guinzaglio, eliminando la necessità della pettorina.</p>
<p>Il tessuto sherpa regala una sensazione di morbidezza e protegge dalle basse temperature, rendendolo perfetto per cani freddolosi, cuccioli e anziani. Ideale per passeggiate in città, giri al parco e giorni di vento o gelo.</p>
<p>La zip superiore evita stress e movimenti scomodi: lo indossi in qualche secondo. La tasca integrata ti permette di portare tutto il necessario, mentre gli anelli rinforzati sostituiscono la pettorina nelle uscite quotidiane.</p>
<p>Linee pulite, contrasto cromatico delicato e tessuto teddy super trendy. Un capo pratico che aggiunge stile e funzionalità al guardaroba del tuo cane.</p>
</div>"
15624563589445,Papillon di Natale per cani e gatti Ferribiella,"<p><strong>Papillon Natalizi Ferribiella – Eleganza festiva per cani e gatti</strong></p>
<p>Rendi il Natale del tuo amico a quattro zampe ancora più speciale con i Papillon Natalizi Ferribiella, un accessorio fashion pensato per aggiungere stile e allegria alle festività. <em><strong>Regolabili da 30 a 38 cm, questi papillon sono adatti sia a cani sia a gatti</strong></em>, garantendo una vestibilità perfetta e confortevole.</p>
<p>Gli accessori natalizi come i papillon non sono solo un dettaglio estetico: trasformano ogni momento in un’occasione speciale, permettendo al tuo pet di partecipare alle celebrazioni con stile, rendendo le foto e i ricordi delle feste ancora più unici. Il design elegante e festivo aggiunge un tocco di allegria, combinando comfort e fashion in un piccolo dettaglio che fa la differenza.</p>
<p>Ideali per pranzi, cene e incontri natalizi, i Papillon Ferribiella permettono ai tuoi amici pelosi di sentirsi parte della famiglia e delle tradizioni festive, rendendo il Natale ancora più memorabile.</p>
<p>Caratteristiche principali</p>
<div class=""prose"">
<ul>
<li>Papillon natalizio regolabile da 30 a 38 cm, adatto a cani e gatti</li>
<li>Design elegante e festivo per un look unico durante le feste</li>
<li>Vestibilità confortevole e sicura</li>
<li>Perfetto per foto, celebrazioni e momenti speciali</li>
<li>Accessorio fashion che aggiunge stile e allegria al Natale</li>
</ul>
</div>
<p>Con i Papillon Natalizi Ferribiella, il Natale del tuo cane o del tuo gatto sarà indimenticabile, unendo stile, comfort e spirito festivo in un accessorio semplice ma d’effetto.</p>
<p>🎄 <strong>Fai un regalo sotto l’albero al tuo pelosetto!</strong><br>
Questo Natale, sorprendi il tuo cane o gatto con un pensiero speciale: dai giochi ai snack natalizi, fino agli accessori più teneri e originali, su <strong>Bauzaar.it</strong> trovi tante <strong>idee regalo di Natale per animali domestici</strong>.<br>
Che tu sia alla ricerca di <strong>regali di Natale per cani</strong> o <strong>regali di Natale per gatti</strong>, abbiamo selezionato solo prodotti di qualità per rendere le feste ancora più magiche anche per loro.</p>
<p>🎁 <strong>Caccia al regalo perfetto?</strong><br>
Scopri subito <strong>tutta la selezione natalizia di quest’anno su Bauzaar.it</strong> e porta sotto l’albero la felicità del tuo pet!</p>"
15624569782597,Felpa per cani mono colorazione Bordeaux Bauzaar,"<h3>Felpa per Cani Bauzaar — Comfort, Protezione ed Eleganza Made in Italy</h3>
<p>🎁 La Felpa per Cani Bauzaar è il capo ideale per unire comfort, protezione e stile in ogni stagione. Progettata dal nostro team interno e realizzata in autentico Made in Italy, nasce dalla collaborazione con maestri tessili e sarti esperti per offrire al tuo amico a quattro zampe un capo resistente, caldo e piacevole da indossare.</p>
<p>Perfetta contro il freddo, per proteggere la pelle delicata e per donare al tuo cane un look unico ed esclusivo.</p>
<p><strong>Caratteristiche principali del prodotto</strong> 🐶</p>
<div class=""prose"">
<ul>
<li>Design esclusivo Bauzaar, ideato dal nostro team con attenzione a vestibilità, sicurezza e comfort.</li>
<li>Produzione <strong>Made in Italy (Trani, Puglia)</strong>: tessuti selezionati, cuciture rinforzate e qualità sartoriale.</li>
<li>Disponibile in tantissimi colori per adattarsi allo stile del tuo cane (e del suo umano!). <strong>In questa scheda prodotto trovi la colorazione Bordeaux .</strong>
</li>
<li>
<strong>Disponibile in diversi modelli</strong>, scopri quello più adatto alla taglia del tuo cane</li>
<li>Materiali morbidi (95% cotone, 5% materiale elasticizzabile), traspiranti e caldi, ottimi per protezione dal freddo o da irritazioni cutanee.</li>
<li>Perfetta per attività quotidiane, passeggiate, viaggi, giornate ventose e primaverili.</li>
</ul>
</div>
<p><em>Consigli di lavaggio/protezione: per una cura semplice e veloce, consigliamo lavaggio delicato a 30°. Non candeggiare. Stirare a bassa temperatura. Non lavare a secco. Non usare asciugatrice.</em></p>
<h3>Taglie disponibili — trova la misura perfetta</h3>
<p>Le nostre felpe sono studiate per adattarsi a cani di ogni forma e dimensione. Ecco una guida indicativa:</p>
<div class=""prose"">
<ul>
<li>Modello 1 — ideale per Chihuahua, Yorkshire Toy, Maltese Toy</li>
<li>Modello 2 — perfetta per volpino della Pomerania, Barboncino Toy</li>
<li>Modello 3 — adatta per Barboncino Nano, Jack Russell</li>
<li>Modello 4 — perfetta per Cocker Spaniel, Beagle, Bulldog Francese</li>
<li>Modello 5 — ideale per Weimaraner, Basenji</li>
<li>Modello 6 — pensata per American Staffordshire Terrier, Bracco ungherese, Epagneul Breton</li>
</ul>
</div>
<p><strong>Ogni taglia è progettata per garantire massima libertà di movimento e una vestibilità comoda per il tuo pet.</strong></p>
<table style=""width: 766px;"">
<tbody>
<tr>
<td style=""width: 219px; text-align: center;"">Scegli il modello.</td>
<td style=""width: 165px; text-align: center;"">lunghezza dorso (cm)</td>
<td style=""width: 191.988px; text-align: center;"">circonferenza torace (cm)</td>
<td style=""width: 188.012px; text-align: center;"">
<p>circonferenza collo(cm)</p>
</td>
</tr>
<tr>
<td style=""width: 219px; text-align: center;""><strong>MODELLO 1</strong></td>
<td style=""width: 165px; text-align: center;"">24-26</td>
<td style=""width: 191.988px; text-align: center;"">37-39</td>
<td style=""width: 188.012px; text-align: center;"">28-30</td>
</tr>
<tr>
<td style=""width: 219px; text-align: center;""><strong>MODELLO 2</strong></td>
<td style=""width: 165px; text-align: center;"">30-32</td>
<td style=""width: 191.988px; text-align: center;"">44-46</td>
<td style=""width: 188.012px; text-align: center;"">32-34</td>
</tr>
<tr>
<td style=""width: 219px; text-align: center;""><strong>MODELLO 3</strong></td>
<td style=""width: 165px; text-align: center;"">33-36</td>
<td style=""width: 191.988px; text-align: center;"">52-54</td>
<td style=""width: 188.012px; text-align: center;"">38-40</td>
</tr>
<tr>
<td style=""width: 219px; text-align: center;""><strong>MODELLO 4</strong></td>
<td style=""width: 165px; text-align: center;"">42-44</td>
<td style=""width: 191.988px; text-align: center;"">60-62</td>
<td style=""width: 188.012px; text-align: center;"">44-46</td>
</tr>
<tr>
<td style=""width: 219px; text-align: center;""><strong>MODELLO 5</strong></td>
<td style=""width: 165px; text-align: center;"">47-49</td>
<td style=""width: 191.988px; text-align: center;"">64-66</td>
<td style=""width: 188.012px; text-align: center;"">48-50</td>
</tr>
<tr>
<td style=""width: 219px; text-align: center;""><strong>MODELLO 6</strong></td>
<td style=""width: 165px; text-align: center;"">50-52</td>
<td style=""width: 191.988px; text-align: center;"">82-84</td>
<td style=""width: 188.012px; text-align: center;"">56-58</td>
</tr>
</tbody>
</table>
<p>Le misure indicate in tabella sono approsimative e possono variare in base alla taglia e alla razza del tuo cane. In caso di dubbio, ti consigliamo di scegliere una taglia in più o di contattarci per asssitenza dedicata.</p>
<p>❤️ <strong>Le Felpe Bauzaar sono frutto della nostra selezione di filati italiani di qualità, scelti per essere confortevoli sulla pelle, resistenti ai lavaggi e sicuri per cani con cute sensibile</strong>.</p>
<h3>Perché scegliere la nostra esclusiva felpa per cani Bauzaar?</h3>
<div class=""prose"">
<ul>
<li>Mantiene il cane al caldo e lo protegge nelle giornate fredde.</li>
<li>Favorisce il benessere della pelle, utile in caso di irritazioni o dermatiti leggere.</li>
<li>Offre un effetto “abbraccio” che dona comfort e tranquillità.</li>
<li>Protegge durante giochi all’aperto da graffi, piante, insetti e vento.</li>
<li>Design italiano esclusivo, curato nei dettagli e unico nel suo genere.</li>
<li>Possibilità di creare la felpa personalizzata per un accessorio davvero irripetibile.</li>
</ul>
</div>
<p>🎀 Regala al tuo cane comfort, stile e qualità artigianale italiana. <strong><em>Scegli ora la tua Felpa Bauzaar...aggiungila subito al carrello e non dimenticare di taggarci sui social quando ""scatola"" busserà alla tua porta</em></strong>.</p>"
15624570208581,Felpa per cani colorazione a blocchi Base blu Bauzaar,"<h3>Felpa per Cani Bauzaar — Comfort, Protezione ed Eleganza Made in Italy</h3>
<p>🎁 La Felpa per Cani Bauzaar è il capo ideale per unire comfort, protezione e stile in ogni stagione. Progettata dal nostro team interno e realizzata in autentico Made in Italy, nasce dalla collaborazione con maestri tessili e sarti esperti per offrire al tuo amico a quattro zampe un capo resistente, caldo e piacevole da indossare.</p>
<p>Perfetta contro il freddo, per proteggere la pelle delicata e per donare al tuo cane un look unico ed esclusivo.</p>
<p><strong>Caratteristiche principali del prodotto</strong> 🐶</p>
<div class=""prose"">
<ul>
<li>Design esclusivo Bauzaar, ideato dal nostro team con attenzione a vestibilità, sicurezza e comfort.</li>
<li>Produzione <strong>Made in Italy (Trani, Puglia)</strong>: tessuti selezionati, cuciture rinforzate e qualità sartoriale.</li>
<li>Disponibile in tantissimi colori per adattarsi allo stile del tuo cane (e del suo umano!). <strong>In questa scheda prodotto trovi la colorazione a blocchi: tutta blu tranne una manica bordeaux e l'altra grigia.</strong>
</li>
<li>
<strong>Disponibile in diversi modelli</strong>, scopri quello più adatto alla taglia del tuo cane</li>
<li>Materiali morbidi (95% cotone, 5% materiale elasticizzabile), traspiranti e caldi, ottimi per protezione dal freddo o da irritazioni cutanee.</li>
<li>Perfetta per attività quotidiane, passeggiate, viaggi, giornate ventose e primaverili.</li>
</ul>
</div>
<p><em>Consigli di lavaggio/protezione: per una cura semplice e veloce, consigliamo lavaggio delicato a 30°. Non candeggiare. Stirare a bassa temperatura. Non lavare a secco. Non usare asciugatrice.</em></p>
<h3>Taglie disponibili — trova la misura perfetta</h3>
<p>Le nostre felpe sono studiate per adattarsi a cani di ogni forma e dimensione. Ecco una guida indicativa:</p>
<div class=""prose"">
<ul>
<li>Modello 1 — ideale per Chihuahua, Yorkshire Toy, Maltese Toy</li>
<li>Modello 2 — perfetta per volpino della Pomerania, Barboncino Toy</li>
<li>Modello 3 — adatta per Barboncino Nano, Jack Russell</li>
<li>Modello 4 — perfetta per Cocker Spaniel, Beagle, Bulldog Francese</li>
<li>Modello 5 — ideale per Weimaraner, Basenji</li>
<li>Modello 6 — pensata per American Staffordshire Terrier, Bracco ungherese, Epagneul Breton</li>
</ul>
</div>
<p><strong>Ogni taglia è progettata per garantire massima libertà di movimento e una vestibilità comoda per il tuo pet.</strong></p>
<table style=""width: 766px;"">
<tbody>
<tr>
<td style=""width: 219px; text-align: center;"">Scegli il modello.</td>
<td style=""width: 165px; text-align: center;"">lunghezza dorso (cm)</td>
<td style=""width: 191.988px; text-align: center;"">circonferenza torace (cm)</td>
<td style=""width: 188.012px; text-align: center;"">
<p>circonferenza collo(cm)</p>
</td>
</tr>
<tr>
<td style=""width: 219px; text-align: center;""><strong>MODELLO 1</strong></td>
<td style=""width: 165px; text-align: center;"">24-26</td>
<td style=""width: 191.988px; text-align: center;"">37-39</td>
<td style=""width: 188.012px; text-align: center;"">28-30</td>
</tr>
<tr>
<td style=""width: 219px; text-align: center;""><strong>MODELLO 2</strong></td>
<td style=""width: 165px; text-align: center;"">30-32</td>
<td style=""width: 191.988px; text-align: center;"">44-46</td>
<td style=""width: 188.012px; text-align: center;"">32-34</td>
</tr>
<tr>
<td style=""width: 219px; text-align: center;""><strong>MODELLO 3</strong></td>
<td style=""width: 165px; text-align: center;"">33-36</td>
<td style=""width: 191.988px; text-align: center;"">52-54</td>
<td style=""width: 188.012px; text-align: center;"">38-40</td>
</tr>
<tr>
<td style=""width: 219px; text-align: center;""><strong>MODELLO 4</strong></td>
<td style=""width: 165px; text-align: center;"">42-44</td>
<td style=""width: 191.988px; text-align: center;"">60-62</td>
<td style=""width: 188.012px; text-align: center;"">44-46</td>
</tr>
<tr>
<td style=""width: 219px; text-align: center;""><strong>MODELLO 5</strong></td>
<td style=""width: 165px; text-align: center;"">47-49</td>
<td style=""width: 191.988px; text-align: center;"">64-66</td>
<td style=""width: 188.012px; text-align: center;"">48-50</td>
</tr>
<tr>
<td style=""width: 219px; text-align: center;""><strong>MODELLO 6</strong></td>
<td style=""width: 165px; text-align: center;"">50-52</td>
<td style=""width: 191.988px; text-align: center;"">82-84</td>
<td style=""width: 188.012px; text-align: center;"">56-58</td>
</tr>
</tbody>
</table>
<p>Le misure indicate in tabella sono approsimative e possono variare in base alla taglia e alla razza del tuo cane. In caso di dubbio, ti consigliamo di scegliere una taglia in più o di contattarci per asssitenza dedicata.</p>
<p>❤️ <strong>Le Felpe Bauzaar sono frutto della nostra selezione di filati italiani di qualità, scelti per essere confortevoli sulla pelle, resistenti ai lavaggi e sicuri per cani con cute sensibile</strong>.</p>
<h3>Perché scegliere la nostra esclusiva felpa per cani Bauzaar?</h3>
<div class=""prose"">
<ul>
<li>Mantiene il cane al caldo e lo protegge nelle giornate fredde.</li>
<li>Favorisce il benessere della pelle, utile in caso di irritazioni o dermatiti leggere.</li>
<li>Offre un effetto “abbraccio” che dona comfort e tranquillità.</li>
<li>Protegge durante giochi all’aperto da graffi, piante, insetti e vento.</li>
<li>Design italiano esclusivo, curato nei dettagli e unico nel suo genere.</li>
<li>Possibilità di creare la felpa personalizzata per un accessorio davvero irripetibile.</li>
</ul>
</div>
<p>🎀 Regala al tuo cane comfort, stile e qualità artigianale italiana. <strong><em>Scegli ora la tua Felpa Bauzaar...aggiungila subito al carrello e non dimenticare di taggarci sui social quando ""scatola"" busserà alla tua porta</em></strong>.</p>"
15624569946437,Felpa per cani mono colorazione Verde muschio Bauzaar,"<h3>Felpa per Cani Bauzaar — Comfort, Protezione ed Eleganza Made in Italy</h3>
<p>🎁 La Felpa per Cani Bauzaar è il capo ideale per unire comfort, protezione e stile in ogni stagione. Progettata dal nostro team interno e realizzata in autentico Made in Italy, nasce dalla collaborazione con maestri tessili e sarti esperti per offrire al tuo amico a quattro zampe un capo resistente, caldo e piacevole da indossare.</p>
<p>Perfetta contro il freddo, per proteggere la pelle delicata e per donare al tuo cane un look unico ed esclusivo.</p>
<p><strong>Caratteristiche principali del prodotto</strong> 🐶</p>
<div class=""prose"">
<ul>
<li>Design esclusivo Bauzaar, ideato dal nostro team con attenzione a vestibilità, sicurezza e comfort.</li>
<li>Produzione <strong>Made in Italy (Trani, Puglia)</strong>: tessuti selezionati, cuciture rinforzate e qualità sartoriale.</li>
<li>Disponibile in tantissimi colori per adattarsi allo stile del tuo cane (e del suo umano!). <strong>In questa scheda prodotto trovi la colorazione Verde muschio.</strong>
</li>
<li>
<strong>Disponibile in diversi modelli</strong>, scopri quello più adatto alla taglia del tuo cane</li>
<li>Materiali morbidi (95% cotone, 5% materiale elasticizzabile), traspiranti e caldi, ottimi per protezione dal freddo o da irritazioni cutanee.</li>
<li>Perfetta per attività quotidiane, passeggiate, viaggi, giornate ventose e primaverili.</li>
</ul>
</div>
<p><em>Consigli di lavaggio/protezione: per una cura semplice e veloce, consigliamo lavaggio delicato a 30°. Non candeggiare. Stirare a bassa temperatura. Non lavare a secco. Non usare asciugatrice.</em></p>
<h3>Taglie disponibili — trova la misura perfetta</h3>
<p>Le nostre felpe sono studiate per adattarsi a cani di ogni forma e dimensione. Ecco una guida indicativa:</p>
<div class=""prose"">
<ul>
<li>Modello 1 — ideale per Chihuahua, Yorkshire Toy, Maltese Toy</li>
<li>Modello 2 — perfetta per volpino della Pomerania, Barboncino Toy</li>
<li>Modello 3 — adatta per Barboncino Nano, Jack Russell</li>
<li>Modello 4 — perfetta per Cocker Spaniel, Beagle, Bulldog Francese</li>
<li>Modello 5 — ideale per Weimaraner, Basenji</li>
<li>Modello 6 — pensata per American Staffordshire Terrier, Bracco ungherese, Epagneul Breton</li>
</ul>
</div>
<p><strong>Ogni taglia è progettata per garantire massima libertà di movimento e una vestibilità comoda per il tuo pet.</strong></p>
<table style=""width: 766px;"">
<tbody>
<tr>
<td style=""width: 219px; text-align: center;"">Scegli il modello.</td>
<td style=""width: 165px; text-align: center;"">lunghezza dorso (cm)</td>
<td style=""width: 191.988px; text-align: center;"">circonferenza torace (cm)</td>
<td style=""width: 188.012px; text-align: center;"">
<p>circonferenza collo(cm)</p>
</td>
</tr>
<tr>
<td style=""width: 219px; text-align: center;""><strong>MODELLO 1</strong></td>
<td style=""width: 165px; text-align: center;"">24-26</td>
<td style=""width: 191.988px; text-align: center;"">37-39</td>
<td style=""width: 188.012px; text-align: center;"">28-30</td>
</tr>
<tr>
<td style=""width: 219px; text-align: center;""><strong>MODELLO 2</strong></td>
<td style=""width: 165px; text-align: center;"">30-32</td>
<td style=""width: 191.988px; text-align: center;"">44-46</td>
<td style=""width: 188.012px; text-align: center;"">32-34</td>
</tr>
<tr>
<td style=""width: 219px; text-align: center;""><strong>MODELLO 3</strong></td>
<td style=""width: 165px; text-align: center;"">33-36</td>
<td style=""width: 191.988px; text-align: center;"">52-54</td>
<td style=""width: 188.012px; text-align: center;"">38-40</td>
</tr>
<tr>
<td style=""width: 219px; text-align: center;""><strong>MODELLO 4</strong></td>
<td style=""width: 165px; text-align: center;"">42-44</td>
<td style=""width: 191.988px; text-align: center;"">60-62</td>
<td style=""width: 188.012px; text-align: center;"">44-46</td>
</tr>
<tr>
<td style=""width: 219px; text-align: center;""><strong>MODELLO 5</strong></td>
<td style=""width: 165px; text-align: center;"">47-49</td>
<td style=""width: 191.988px; text-align: center;"">64-66</td>
<td style=""width: 188.012px; text-align: center;"">48-50</td>
</tr>
<tr>
<td style=""width: 219px; text-align: center;""><strong>MODELLO 6</strong></td>
<td style=""width: 165px; text-align: center;"">50-52</td>
<td style=""width: 191.988px; text-align: center;"">82-84</td>
<td style=""width: 188.012px; text-align: center;"">56-58</td>
</tr>
</tbody>
</table>
<p>Le misure indicate in tabella sono approsimative e possono variare in base alla taglia e alla razza del tuo cane. In caso di dubbio, ti consigliamo di scegliere una taglia in più o di contattarci per asssitenza dedicata.</p>
<p>❤️ <strong>Le Felpe Bauzaar sono frutto della nostra selezione di filati italiani di qualità, scelti per essere confortevoli sulla pelle, resistenti ai lavaggi e sicuri per cani con cute sensibile</strong>.</p>
<h3>Perché scegliere la nostra esclusiva felpa per cani Bauzaar?</h3>
<div class=""prose"">
<ul>
<li>Mantiene il cane al caldo e lo protegge nelle giornate fredde.</li>
<li>Favorisce il benessere della pelle, utile in caso di irritazioni o dermatiti leggere.</li>
<li>Offre un effetto “abbraccio” che dona comfort e tranquillità.</li>
<li>Protegge durante giochi all’aperto da graffi, piante, insetti e vento.</li>
<li>Design italiano esclusivo, curato nei dettagli e unico nel suo genere.</li>
<li>Possibilità di creare la felpa personalizzata per un accessorio davvero irripetibile.</li>
</ul>
</div>
<p>🎀 Regala al tuo cane comfort, stile e qualità artigianale italiana. <strong><em>Scegli ora la tua Felpa Bauzaar...aggiungila subito al carrello e non dimenticare di taggarci sui social quando ""scatola"" busserà alla tua porta</em></strong>.</p>"
15624569979205,Felpa per cani mono colorazione Grigio Bauzaar,"<h3>Felpa per Cani Bauzaar — Comfort, Protezione ed Eleganza Made in Italy</h3>
<p>🎁 La Felpa per Cani Bauzaar è il capo ideale per unire comfort, protezione e stile in ogni stagione. Progettata dal nostro team interno e realizzata in autentico Made in Italy, nasce dalla collaborazione con maestri tessili e sarti esperti per offrire al tuo amico a quattro zampe un capo resistente, caldo e piacevole da indossare.</p>
<p>Perfetta contro il freddo, per proteggere la pelle delicata e per donare al tuo cane un look unico ed esclusivo.</p>
<p><strong>Caratteristiche principali del prodotto</strong> 🐶</p>
<div class=""prose"">
<ul>
<li>Design esclusivo Bauzaar, ideato dal nostro team con attenzione a vestibilità, sicurezza e comfort.</li>
<li>Produzione <strong>Made in Italy (Trani, Puglia)</strong>: tessuti selezionati, cuciture rinforzate e qualità sartoriale.</li>
<li>Disponibile in tantissimi colori per adattarsi allo stile del tuo cane (e del suo umano!). <strong>In questa scheda prodotto trovi la colorazione Grigio chiaro.</strong>
</li>
<li>
<strong>Disponibile in diversi modelli</strong>, scopri quello più adatto alla taglia del tuo cane</li>
<li>Materiali morbidi (95% cotone, 5% materiale elasticizzabile), traspiranti e caldi, ottimi per protezione dal freddo o da irritazioni cutanee.</li>
<li>Perfetta per attività quotidiane, passeggiate, viaggi, giornate ventose e primaverili.</li>
</ul>
</div>
<p><em>Consigli di lavaggio/protezione: per una cura semplice e veloce, consigliamo lavaggio delicato a 30°. Non candeggiare. Stirare a bassa temperatura. Non lavare a secco. Non usare asciugatrice.</em></p>
<h3>Taglie disponibili — trova la misura perfetta</h3>
<p>Le nostre felpe sono studiate per adattarsi a cani di ogni forma e dimensione. Ecco una guida indicativa:</p>
<div class=""prose"">
<ul>
<li>Modello 1 — ideale per Chihuahua, Yorkshire Toy, Maltese Toy</li>
<li>Modello 2 — perfetta per volpino della Pomerania, Barboncino Toy</li>
<li>Modello 3 — adatta per Barboncino Nano, Jack Russell</li>
<li>Modello 4 — perfetta per Cocker Spaniel, Beagle, Bulldog Francese</li>
<li>Modello 5 — ideale per Weimaraner, Basenji</li>
<li>Modello 6 — pensata per American Staffordshire Terrier, Bracco ungherese, Epagneul Breton</li>
</ul>
</div>
<p><strong>Ogni taglia è progettata per garantire massima libertà di movimento e una vestibilità comoda per il tuo pet.</strong></p>
<table style=""width: 766px;"">
<tbody>
<tr>
<td style=""width: 219px; text-align: center;"">Scegli il modello.</td>
<td style=""width: 165px; text-align: center;"">lunghezza dorso (cm)</td>
<td style=""width: 191.988px; text-align: center;"">circonferenza torace (cm)</td>
<td style=""width: 188.012px; text-align: center;"">
<p>circonferenza collo(cm)</p>
</td>
</tr>
<tr>
<td style=""width: 219px; text-align: center;""><strong>MODELLO 1</strong></td>
<td style=""width: 165px; text-align: center;"">24-26</td>
<td style=""width: 191.988px; text-align: center;"">37-39</td>
<td style=""width: 188.012px; text-align: center;"">28-30</td>
</tr>
<tr>
<td style=""width: 219px; text-align: center;""><strong>MODELLO 2</strong></td>
<td style=""width: 165px; text-align: center;"">30-32</td>
<td style=""width: 191.988px; text-align: center;"">44-46</td>
<td style=""width: 188.012px; text-align: center;"">32-34</td>
</tr>
<tr>
<td style=""width: 219px; text-align: center;""><strong>MODELLO 3</strong></td>
<td style=""width: 165px; text-align: center;"">33-36</td>
<td style=""width: 191.988px; text-align: center;"">52-54</td>
<td style=""width: 188.012px; text-align: center;"">38-40</td>
</tr>
<tr>
<td style=""width: 219px; text-align: center;""><strong>MODELLO 4</strong></td>
<td style=""width: 165px; text-align: center;"">42-44</td>
<td style=""width: 191.988px; text-align: center;"">60-62</td>
<td style=""width: 188.012px; text-align: center;"">44-46</td>
</tr>
<tr>
<td style=""width: 219px; text-align: center;""><strong>MODELLO 5</strong></td>
<td style=""width: 165px; text-align: center;"">47-49</td>
<td style=""width: 191.988px; text-align: center;"">64-66</td>
<td style=""width: 188.012px; text-align: center;"">48-50</td>
</tr>
<tr>
<td style=""width: 219px; text-align: center;""><strong>MODELLO 6</strong></td>
<td style=""width: 165px; text-align: center;"">50-52</td>
<td style=""width: 191.988px; text-align: center;"">82-84</td>
<td style=""width: 188.012px; text-align: center;"">56-58</td>
</tr>
</tbody>
</table>
<p>Le misure indicate in tabella sono approsimative e possono variare in base alla taglia e alla razza del tuo cane. In caso di dubbio, ti consigliamo di scegliere una taglia in più o di contattarci per asssitenza dedicata.</p>
<p>❤️ <strong>Le Felpe Bauzaar sono frutto della nostra selezione di filati italiani di qualità, scelti per essere confortevoli sulla pelle, resistenti ai lavaggi e sicuri per cani con cute sensibile</strong>.</p>
<h3>Perché scegliere la nostra esclusiva felpa per cani Bauzaar?</h3>
<div class=""prose"">
<ul>
<li>Mantiene il cane al caldo e lo protegge nelle giornate fredde.</li>
<li>Favorisce il benessere della pelle, utile in caso di irritazioni o dermatiti leggere.</li>
<li>Offre un effetto “abbraccio” che dona comfort e tranquillità.</li>
<li>Protegge durante giochi all’aperto da graffi, piante, insetti e vento.</li>
<li>Design italiano esclusivo, curato nei dettagli e unico nel suo genere.</li>
<li>Possibilità di creare la felpa personalizzata per un accessorio davvero irripetibile.</li>
</ul>
</div>
<p>🎀 Regala al tuo cane comfort, stile e qualità artigianale italiana. <strong><em>Scegli ora la tua Felpa Bauzaar...aggiungila subito al carrello e non dimenticare di taggarci sui social quando ""scatola"" busserà alla tua porta</em></strong>.</p>"
15624570110277,Felpa per cani colorazione a blocchi Base rosa Bauzaar,"<h3>Felpa per Cani Bauzaar — Comfort, Protezione ed Eleganza Made in Italy</h3>
<p>🎁 La Felpa per Cani Bauzaar è il capo ideale per unire comfort, protezione e stile in ogni stagione. Progettata dal nostro team interno e realizzata in autentico Made in Italy, nasce dalla collaborazione con maestri tessili e sarti esperti per offrire al tuo amico a quattro zampe un capo resistente, caldo e piacevole da indossare.</p>
<p>Perfetta contro il freddo, per proteggere la pelle delicata e per donare al tuo cane un look unico ed esclusivo.</p>
<p><strong>Caratteristiche principali del prodotto</strong> 🐶</p>
<div class=""prose"">
<ul>
<li>Design esclusivo Bauzaar, ideato dal nostro team con attenzione a vestibilità, sicurezza e comfort.</li>
<li>Produzione <strong>Made in Italy (Trani, Puglia)</strong>: tessuti selezionati, cuciture rinforzate e qualità sartoriale.</li>
<li>Disponibile in tantissimi colori per adattarsi allo stile del tuo cane (e del suo umano!). <strong>In questa scheda prodotto trovi la colorazione a blocchi: base rosa, cappuccio e taschino sul dorso tabacco e maniche beige.</strong>
</li>
<li>
<strong>Disponibile in diversi modelli</strong>, scopri quello più adatto alla taglia del tuo cane</li>
<li>Materiali morbidi (95% cotone, 5% materiale elasticizzabile), traspiranti e caldi, ottimi per protezione dal freddo o da irritazioni cutanee.</li>
<li>Perfetta per attività quotidiane, passeggiate, viaggi, giornate ventose e primaverili.</li>
</ul>
</div>
<p><em>Consigli di lavaggio/protezione: per una cura semplice e veloce, consigliamo lavaggio delicato a 30°. Non candeggiare. Stirare a bassa temperatura. Non lavare a secco. Non usare asciugatrice.</em></p>
<h3>Taglie disponibili — trova la misura perfetta</h3>
<p>Le nostre felpe sono studiate per adattarsi a cani di ogni forma e dimensione. Ecco una guida indicativa:</p>
<div class=""prose"">
<ul>
<li>Modello 1 — ideale per Chihuahua, Yorkshire Toy, Maltese Toy</li>
<li>Modello 2 — perfetta per volpino della Pomerania, Barboncino Toy</li>
<li>Modello 3 — adatta per Barboncino Nano, Jack Russell</li>
<li>Modello 4 — perfetta per Cocker Spaniel, Beagle, Bulldog Francese</li>
<li>Modello 5 — ideale per Weimaraner, Basenji</li>
<li>Modello 6 — pensata per American Staffordshire Terrier, Bracco ungherese, Epagneul Breton</li>
</ul>
</div>
<p><strong>Ogni taglia è progettata per garantire massima libertà di movimento e una vestibilità comoda per il tuo pet.</strong></p>
<table style=""width: 766px;"">
<tbody>
<tr>
<td style=""width: 219px; text-align: center;"">Scegli il modello.</td>
<td style=""width: 165px; text-align: center;"">lunghezza dorso (cm)</td>
<td style=""width: 191.988px; text-align: center;"">circonferenza torace (cm)</td>
<td style=""width: 188.012px; text-align: center;"">
<p>circonferenza collo(cm)</p>
</td>
</tr>
<tr>
<td style=""width: 219px; text-align: center;""><strong>MODELLO 1</strong></td>
<td style=""width: 165px; text-align: center;"">24-26</td>
<td style=""width: 191.988px; text-align: center;"">37-39</td>
<td style=""width: 188.012px; text-align: center;"">28-30</td>
</tr>
<tr>
<td style=""width: 219px; text-align: center;""><strong>MODELLO 2</strong></td>
<td style=""width: 165px; text-align: center;"">30-32</td>
<td style=""width: 191.988px; text-align: center;"">44-46</td>
<td style=""width: 188.012px; text-align: center;"">32-34</td>
</tr>
<tr>
<td style=""width: 219px; text-align: center;""><strong>MODELLO 3</strong></td>
<td style=""width: 165px; text-align: center;"">33-36</td>
<td style=""width: 191.988px; text-align: center;"">52-54</td>
<td style=""width: 188.012px; text-align: center;"">38-40</td>
</tr>
<tr>
<td style=""width: 219px; text-align: center;""><strong>MODELLO 4</strong></td>
<td style=""width: 165px; text-align: center;"">42-44</td>
<td style=""width: 191.988px; text-align: center;"">60-62</td>
<td style=""width: 188.012px; text-align: center;"">44-46</td>
</tr>
<tr>
<td style=""width: 219px; text-align: center;""><strong>MODELLO 5</strong></td>
<td style=""width: 165px; text-align: center;"">47-49</td>
<td style=""width: 191.988px; text-align: center;"">64-66</td>
<td style=""width: 188.012px; text-align: center;"">48-50</td>
</tr>
<tr>
<td style=""width: 219px; text-align: center;""><strong>MODELLO 6</strong></td>
<td style=""width: 165px; text-align: center;"">50-52</td>
<td style=""width: 191.988px; text-align: center;"">82-84</td>
<td style=""width: 188.012px; text-align: center;"">56-58</td>
</tr>
</tbody>
</table>
<p>Le misure indicate in tabella sono approsimative e possono variare in base alla taglia e alla razza del tuo cane. In caso di dubbio, ti consigliamo di scegliere una taglia in più o di contattarci per asssitenza dedicata.</p>
<p>❤️ <strong>Le Felpe Bauzaar sono frutto della nostra selezione di filati italiani di qualità, scelti per essere confortevoli sulla pelle, resistenti ai lavaggi e sicuri per cani con cute sensibile</strong>.</p>
<h3>Perché scegliere la nostra esclusiva felpa per cani Bauzaar?</h3>
<div class=""prose"">
<ul>
<li>Mantiene il cane al caldo e lo protegge nelle giornate fredde.</li>
<li>Favorisce il benessere della pelle, utile in caso di irritazioni o dermatiti leggere.</li>
<li>Offre un effetto “abbraccio” che dona comfort e tranquillità.</li>
<li>Protegge durante giochi all’aperto da graffi, piante, insetti e vento.</li>
<li>Design italiano esclusivo, curato nei dettagli e unico nel suo genere.</li>
<li>Possibilità di creare la felpa personalizzata per un accessorio davvero irripetibile.</li>
</ul>
</div>
<p>🎀 Regala al tuo cane comfort, stile e qualità artigianale italiana. <strong><em>Scegli ora la tua Felpa Bauzaar...aggiungila subito al carrello e non dimenticare di taggarci sui social quando ""scatola"" busserà alla tua porta</em></strong>.</p>"